fault_id,fault_type,severity,duration_min
F000,comm_delay,low,93
F001,hvac_degraded,medium,153
F002,hvac_degraded,low,186
F003,hvac_degraded,high,123
F004,sensor_noise,medium,195
F005,actuator_stuck,high,35
F006,comm_delay,low,224
F007,hvac_degraded,high,140
F008,comm_delay,high,41
F009,actuator_stuck,medium,192
F010,comm_delay,high,223
F011,comm_delay,medium,89
F012,comm_delay,high,114
F013,comm_delay,medium,217
F014,actuator_stuck,high,131
F015,comm_delay,low,87
F016,sensor_noise,low,155
F017,comm_delay,medium,42
F018,actuator_stuck,medium,85
F019,sensor_noise,low,199
F020,sensor_noise,low,27
F021,hvac_degraded,low,137
F022,comm_delay,high,165
F023,sensor_noise,medium,126
F024,hvac_degraded,low,96
F025,sensor_noise,low,222
F026,comm_delay,high,195
F027,sensor_noise,low,198
F028,hvac_degraded,medium,27
F029,comm_delay,high,238
F030,hvac_degraded,high,123
F031,actuator_stuck,low,167
F032,hvac_degraded,medium,93
F033,hvac_degraded,high,141
F034,actuator_stuck,low,171
F035,comm_delay,medium,131
F036,actuator_stuck,medium,139
F037,hvac_degraded,low,88
F038,comm_delay,low,238
F039,sensor_noise,low,47
F040,actuator_stuck,low,92
F041,actuator_stuck,low,198
F042,actuator_stuck,low,116
F043,comm_delay,medium,6
F044,actuator_stuck,high,28
F045,sensor_noise,high,213
F046,actuator_stuck,high,238
F047,actuator_stuck,medium,66
F048,hvac_degraded,low,54
F049,hvac_degraded,low,61
F050,sensor_noise,medium,219
F051,comm_delay,high,6
F052,comm_delay,low,27
F053,hvac_degraded,medium,89
F054,comm_delay,high,235
F055,comm_delay,medium,25
F056,actuator_stuck,medium,83
F057,sensor_noise,high,48
F058,actuator_stuck,medium,82
F059,hvac_degraded,low,166
F060,hvac_degraded,high,51
F061,hvac_degraded,medium,102
F062,hvac_degraded,low,43
F063,actuator_stuck,high,7
F064,comm_delay,low,122
F065,sensor_noise,high,79
F066,sensor_noise,medium,179
F067,actuator_stuck,low,6
F068,sensor_noise,high,16
F069,hvac_degraded,low,220
F070,hvac_degraded,high,106
F071,sensor_noise,medium,207
F072,comm_delay,medium,30
F073,actuator_stuck,high,88
F074,actuator_stuck,low,168
F075,actuator_stuck,medium,61
F076,sensor_noise,medium,56
F077,hvac_degraded,low,30
F078,actuator_stuck,low,86
F079,actuator_stuck,medium,170
F080,comm_delay,low,73
F081,comm_delay,low,33
F082,sensor_noise,medium,151
F083,comm_delay,low,162
F084,sensor_noise,low,100
F085,hvac_degraded,low,65
F086,comm_delay,low,176
F087,actuator_stuck,medium,176
F088,actuator_stuck,low,145
F089,sensor_noise,high,97
F090,actuator_stuck,low,123
F091,sensor_noise,low,37
F092,comm_delay,medium,5
F093,sensor_noise,low,70
F094,hvac_degraded,medium,127
F095,sensor_noise,low,167
F096,comm_delay,high,60
F097,actuator_stuck,low,165
F098,actuator_stuck,low,77
F099,sensor_noise,medium,145
F100,comm_delay,low,30
F101,hvac_degraded,high,80
F102,comm_delay,high,50
F103,sensor_noise,medium,154
F104,hvac_degraded,low,171
F105,hvac_degraded,medium,14
F106,comm_delay,low,98
F107,sensor_noise,low,147
F108,comm_delay,low,178
F109,actuator_stuck,low,188
F110,comm_delay,low,186
F111,hvac_degraded,medium,37
F112,hvac_degraded,medium,153
F113,hvac_degraded,low,196
F114,hvac_degraded,low,135
F115,sensor_noise,medium,217
F116,sensor_noise,medium,197
F117,hvac_degraded,low,230
F118,comm_delay,medium,227
F119,hvac_degraded,high,12
F120,sensor_noise,low,98
F121,actuator_stuck,medium,215
F122,comm_delay,high,24
F123,comm_delay,high,19
F124,hvac_degraded,low,71
F125,actuator_stuck,low,94
F126,hvac_degraded,medium,150
F127,actuator_stuck,low,133
F128,hvac_degraded,low,177
F129,sensor_noise,low,57
F130,sensor_noise,medium,118
F131,sensor_noise,low,85
F132,sensor_noise,low,216
F133,comm_delay,medium,218
F134,hvac_degraded,low,198
F135,sensor_noise,low,46
F136,comm_delay,high,26
F137,sensor_noise,medium,131
F138,sensor_noise,low,171
F139,sensor_noise,low,199
F140,comm_delay,medium,192
F141,comm_delay,medium,61
F142,actuator_stuck,high,85
F143,comm_delay,low,224
F144,actuator_stuck,medium,171
F145,hvac_degraded,low,235
F146,comm_delay,high,56
F147,hvac_degraded,low,67
F148,comm_delay,low,159
F149,hvac_degraded,medium,116
F150,hvac_degraded,medium,234
F151,sensor_noise,medium,7
F152,actuator_stuck,low,151
F153,actuator_stuck,high,230
F154,comm_delay,medium,130
F155,comm_delay,medium,37
F156,actuator_stuck,high,19
F157,sensor_noise,low,105
F158,actuator_stuck,medium,184
F159,sensor_noise,low,163
F160,hvac_degraded,low,29
F161,hvac_degraded,low,157
F162,sensor_noise,low,218
F163,actuator_stuck,low,158
F164,comm_delay,low,65
F165,actuator_stuck,medium,9
F166,sensor_noise,low,137
F167,comm_delay,medium,177
F168,hvac_degraded,low,210
F169,hvac_degraded,low,180
F170,actuator_stuck,low,114
F171,hvac_degraded,medium,133
F172,hvac_degraded,medium,51
F173,hvac_degraded,high,176
F174,hvac_degraded,medium,160
F175,actuator_stuck,high,5
F176,comm_delay,low,76
F177,comm_delay,medium,44
F178,hvac_degraded,medium,233
F179,sensor_noise,medium,22
F180,sensor_noise,high,126
F181,hvac_degraded,medium,78
F182,comm_delay,low,222
F183,actuator_stuck,medium,52
F184,hvac_degraded,low,227
F185,actuator_stuck,low,48
F186,comm_delay,medium,14
F187,hvac_degraded,low,103
F188,hvac_degraded,medium,121
F189,comm_delay,low,151
F190,comm_delay,high,128
F191,actuator_stuck,low,132
F192,sensor_noise,low,77
F193,sensor_noise,low,201
F194,sensor_noise,medium,133
F195,actuator_stuck,low,97
F196,actuator_stuck,low,23
F197,comm_delay,low,100
F198,comm_delay,low,108
F199,comm_delay,high,7
