day_of_week,hour,zone,occupied,n_occupants,CO2_ppm
0,0,1,0,0,399.0
0,0,2,0,0,404.0
0,0,3,0,0,396.0
0,0,4,0,0,361.0
0,0,5,0,0,401.0
0,0,6,0,0,409.0
0,1,1,0,0,404.0
0,1,2,0,0,409.0
0,1,3,0,0,404.0
0,1,4,0,0,397.0
0,1,5,0,0,407.0
0,1,6,0,0,407.0
0,2,1,0,0,408.0
0,2,2,0,0,386.0
0,2,3,0,0,406.0
0,2,4,0,0,384.0
0,2,5,0,0,398.0
0,2,6,0,0,387.0
0,3,1,0,0,399.0
0,3,2,0,0,396.0
0,3,3,0,0,382.0
0,3,4,0,0,404.0
0,3,5,0,0,418.0
0,3,6,0,0,395.0
0,4,1,0,0,408.0
0,4,2,1,0,404.0
0,4,3,0,0,406.0
0,4,4,0,0,407.0
0,4,5,0,0,395.0
0,4,6,0,0,406.0
0,5,1,0,0,402.0
0,5,2,0,0,395.0
0,5,3,0,0,404.0
0,5,4,0,0,407.0
0,5,5,0,0,403.0
0,5,6,0,0,400.0
0,6,1,0,0,398.0
0,6,2,0,0,403.0
0,6,3,0,0,401.0
0,6,4,0,0,407.0
0,6,5,0,0,408.0
0,6,6,0,0,393.0
0,7,1,0,0,409.0
0,7,2,0,0,397.0
0,7,3,0,0,385.0
0,7,4,1,0,388.0
0,7,5,0,0,395.0
0,7,6,0,0,379.0
0,8,1,1,4,648.0
0,8,2,1,2,526.0
0,8,3,1,2,515.0
0,8,4,1,5,700.0
0,8,5,1,2,525.0
0,8,6,0,0,389.0
0,9,1,1,3,581.0
0,9,2,1,6,747.0
0,9,3,0,0,395.0
0,9,4,1,8,880.0
0,9,5,1,7,803.0
0,9,6,0,0,400.0
0,10,1,0,0,415.0
0,10,2,1,7,829.0
0,10,3,1,4,630.0
0,10,4,0,0,395.0
0,10,5,1,4,659.0
0,10,6,1,3,582.0
0,11,1,0,0,395.0
0,11,2,1,11,1056.0
0,11,3,1,4,632.0
0,11,4,0,0,408.0
0,11,5,0,0,403.0
0,11,6,0,0,385.0
0,12,1,1,2,502.0
0,12,2,1,9,930.0
0,12,3,1,6,752.0
0,12,4,1,9,932.0
0,12,5,1,4,640.0
0,12,6,1,5,685.0
0,13,1,1,5,694.0
0,13,2,0,0,384.0
0,13,3,1,6,756.0
0,13,4,1,5,708.0
0,13,5,1,8,881.0
0,13,6,0,0,405.0
0,14,1,1,5,700.0
0,14,2,1,6,769.0
0,14,3,1,4,642.0
0,14,4,1,3,576.0
0,14,5,1,0,393.0
0,14,6,0,0,404.0
0,15,1,0,0,399.0
0,15,2,1,5,707.0
0,15,3,1,2,533.0
0,15,4,1,6,762.0
0,15,5,1,4,663.0
0,15,6,0,0,408.0
0,16,1,0,0,406.0
0,16,2,1,2,519.0
0,16,3,1,2,516.0
0,16,4,0,0,399.0
0,16,5,0,0,415.0
0,16,6,1,10,1004.0
0,17,1,1,8,896.0
0,17,2,1,6,759.0
0,17,3,1,2,521.0
0,17,4,1,5,714.0
0,17,5,1,1,455.0
0,17,6,1,5,694.0
0,18,1,1,3,566.0
0,18,2,1,5,679.0
0,18,3,0,0,402.0
0,18,4,1,6,759.0
0,18,5,1,4,632.0
0,18,6,1,2,532.0
0,19,1,1,0,399.0
0,19,2,0,0,404.0
0,19,3,0,0,400.0
0,19,4,0,0,377.0
0,19,5,0,0,401.0
0,19,6,0,0,406.0
0,20,1,0,0,415.0
0,20,2,1,0,417.0
0,20,3,1,0,388.0
0,20,4,0,0,402.0
0,20,5,0,0,395.0
0,20,6,1,0,389.0
0,21,1,0,0,411.0
0,21,2,0,0,420.0
0,21,3,0,0,413.0
0,21,4,0,0,399.0
0,21,5,0,0,408.0
0,21,6,0,0,392.0
0,22,1,0,0,399.0
0,22,2,1,0,394.0
0,22,3,0,0,417.0
0,22,4,0,0,393.0
0,22,5,0,0,389.0
0,22,6,0,0,404.0
0,23,1,0,0,405.0
0,23,2,0,0,405.0
0,23,3,0,0,388.0
0,23,4,0,0,397.0
0,23,5,0,0,406.0
0,23,6,0,0,416.0
1,0,1,0,0,401.0
1,0,2,0,0,395.0
1,0,3,0,0,420.0
1,0,4,1,0,385.0
1,0,5,1,0,406.0
1,0,6,0,0,389.0
1,1,1,0,0,400.0
1,1,2,0,0,410.0
1,1,3,0,0,398.0
1,1,4,0,0,389.0
1,1,5,0,0,389.0
1,1,6,0,0,406.0
1,2,1,0,0,381.0
1,2,2,0,0,401.0
1,2,3,0,0,408.0
1,2,4,0,0,402.0
1,2,5,0,0,402.0
1,2,6,0,0,400.0
1,3,1,0,0,389.0
1,3,2,0,0,417.0
1,3,3,0,0,419.0
1,3,4,0,0,390.0
1,3,5,0,0,403.0
1,3,6,0,0,400.0
1,4,1,0,0,399.0
1,4,2,0,0,398.0
1,4,3,0,0,403.0
1,4,4,0,0,384.0
1,4,5,0,0,402.0
1,4,6,0,0,389.0
1,5,1,0,0,397.0
1,5,2,0,0,412.0
1,5,3,0,0,386.0
1,5,4,1,0,402.0
1,5,5,0,0,400.0
1,5,6,0,0,407.0
1,6,1,0,0,393.0
1,6,2,0,0,401.0
1,6,3,0,0,383.0
1,6,4,0,0,398.0
1,6,5,0,0,400.0
1,6,6,0,0,404.0
1,7,1,0,0,415.0
1,7,2,0,0,383.0
1,7,3,0,0,395.0
1,7,4,0,0,396.0
1,7,5,0,0,416.0
1,7,6,0,0,410.0
1,8,1,1,3,597.0
1,8,2,1,5,688.0
1,8,3,0,0,391.0
1,8,4,0,0,384.0
1,8,5,0,0,404.0
1,8,6,0,0,417.0
1,9,1,0,0,406.0
1,9,2,1,5,712.0
1,9,3,0,0,398.0
1,9,4,1,2,520.0
1,9,5,1,6,786.0
1,9,6,0,0,395.0
1,10,1,0,0,394.0
1,10,2,1,4,644.0
1,10,3,0,0,417.0
1,10,4,0,0,399.0
1,10,5,1,6,771.0
1,10,6,1,6,757.0
1,11,1,1,3,582.0
1,11,2,1,4,637.0
1,11,3,1,5,709.0
1,11,4,1,4,630.0
1,11,5,1,4,645.0
1,11,6,0,0,378.0
1,12,1,1,10,1011.0
1,12,2,1,10,1000.0
1,12,3,1,9,947.0
1,12,4,1,3,561.0
1,12,5,1,4,634.0
1,12,6,1,6,766.0
1,13,1,1,8,891.0
1,13,2,1,4,639.0
1,13,3,1,8,867.0
1,13,4,1,1,452.0
1,13,5,1,2,507.0
1,13,6,1,3,575.0
1,14,1,1,3,569.0
1,14,2,1,8,891.0
1,14,3,1,3,584.0
1,14,4,1,3,580.0
1,14,5,0,0,400.0
1,14,6,1,5,703.0
1,15,1,1,4,642.0
1,15,2,1,4,662.0
1,15,3,1,5,723.0
1,15,4,0,0,399.0
1,15,5,1,7,834.0
1,15,6,0,0,408.0
1,16,1,1,10,1001.0
1,16,2,1,5,710.0
1,16,3,1,9,934.0
1,16,4,1,7,822.0
1,16,5,1,5,722.0
1,16,6,1,4,638.0
1,17,1,1,7,835.0
1,17,2,1,5,718.0
1,17,3,0,0,406.0
1,17,4,1,2,522.0
1,17,5,1,6,759.0
1,17,6,1,9,943.0
1,18,1,1,4,632.0
1,18,2,1,4,649.0
1,18,3,0,0,397.0
1,18,4,1,2,527.0
1,18,5,1,5,707.0
1,18,6,1,7,833.0
1,19,1,0,0,409.0
1,19,2,0,0,400.0
1,19,3,0,0,399.0
1,19,4,0,0,384.0
1,19,5,0,0,403.0
1,19,6,0,0,410.0
1,20,1,0,0,389.0
1,20,2,0,0,398.0
1,20,3,0,0,389.0
1,20,4,0,0,409.0
1,20,5,0,0,401.0
1,20,6,0,0,413.0
1,21,1,0,0,417.0
1,21,2,0,0,390.0
1,21,3,0,0,406.0
1,21,4,0,0,396.0
1,21,5,0,0,405.0
1,21,6,0,0,418.0
1,22,1,0,0,415.0
1,22,2,0,0,394.0
1,22,3,0,0,411.0
1,22,4,0,0,410.0
1,22,5,0,0,405.0
1,22,6,0,0,400.0
1,23,1,0,0,416.0
1,23,2,0,0,417.0
1,23,3,0,0,396.0
1,23,4,0,0,388.0
1,23,5,0,0,407.0
1,23,6,0,0,401.0
2,0,1,0,0,392.0
2,0,2,0,0,389.0
2,0,3,0,0,385.0
2,0,4,0,0,402.0
2,0,5,0,0,400.0
2,0,6,0,0,402.0
2,1,1,0,0,403.0
2,1,2,0,0,409.0
2,1,3,0,0,391.0
2,1,4,0,0,410.0
2,1,5,0,0,422.0
2,1,6,0,0,399.0
2,2,1,0,0,407.0
2,2,2,0,0,403.0
2,2,3,0,0,422.0
2,2,4,0,0,414.0
2,2,5,0,0,413.0
2,2,6,0,0,401.0
2,3,1,0,0,404.0
2,3,2,0,0,417.0
2,3,3,0,0,416.0
2,3,4,0,0,399.0
2,3,5,0,0,391.0
2,3,6,1,0,402.0
2,4,1,0,0,392.0
2,4,2,0,0,387.0
2,4,3,0,0,414.0
2,4,4,0,0,394.0
2,4,5,0,0,399.0
2,4,6,0,0,393.0
2,5,1,0,0,408.0
2,5,2,0,0,410.0
2,5,3,0,0,379.0
2,5,4,0,0,397.0
2,5,5,0,0,395.0
2,5,6,0,0,407.0
2,6,1,0,0,405.0
2,6,2,0,0,413.0
2,6,3,0,0,422.0
2,6,4,0,0,409.0
2,6,5,0,0,413.0
2,6,6,0,0,393.0
2,7,1,0,0,391.0
2,7,2,0,0,407.0
2,7,3,0,0,408.0
2,7,4,0,0,403.0
2,7,5,0,0,399.0
2,7,6,0,0,398.0
2,8,1,0,0,382.0
2,8,2,0,0,406.0
2,8,3,1,6,765.0
2,8,4,1,4,639.0
2,8,5,0,0,403.0
2,8,6,1,4,661.0
2,9,1,0,0,404.0
2,9,2,1,2,542.0
2,9,3,0,0,382.0
2,9,4,1,2,508.0
2,9,5,0,0,399.0
2,9,6,0,0,407.0
2,10,1,0,0,384.0
2,10,2,1,6,771.0
2,10,3,1,2,522.0
2,10,4,1,4,631.0
2,10,5,0,0,417.0
2,10,6,1,4,650.0
2,11,1,0,0,409.0
2,11,2,0,0,405.0
2,11,3,0,0,408.0
2,11,4,1,2,518.0
2,11,5,0,0,404.0
2,11,6,1,6,760.0
2,12,1,1,4,636.0
2,12,2,1,6,763.0
2,12,3,1,4,619.0
2,12,4,1,3,583.0
2,12,5,1,7,826.0
2,12,6,1,3,595.0
2,13,1,1,3,588.0
2,13,2,1,6,766.0
2,13,3,0,0,393.0
2,13,4,0,0,395.0
2,13,5,1,9,939.0
2,13,6,1,5,698.0
2,14,1,1,6,762.0
2,14,2,1,4,643.0
2,14,3,1,3,578.0
2,14,4,1,2,517.0
2,14,5,1,4,648.0
2,14,6,0,0,401.0
2,15,1,1,8,883.0
2,15,2,1,5,695.0
2,15,3,0,0,404.0
2,15,4,1,6,751.0
2,15,5,1,4,642.0
2,15,6,1,5,704.0
2,16,1,1,1,450.0
2,16,2,0,0,404.0
2,16,3,1,5,686.0
2,16,4,1,5,704.0
2,16,5,0,0,414.0
2,16,6,1,13,1183.0
2,17,1,0,0,413.0
2,17,2,0,0,411.0
2,17,3,1,1,475.0
2,17,4,1,4,633.0
2,17,5,1,6,759.0
2,17,6,1,7,816.0
2,18,1,1,6,755.0
2,18,2,1,9,940.0
2,18,3,0,0,396.0
2,18,4,1,6,755.0
2,18,5,1,6,750.0
2,18,6,1,5,700.0
2,19,1,0,0,401.0
2,19,2,1,0,389.0
2,19,3,0,0,402.0
2,19,4,1,0,398.0
2,19,5,0,0,397.0
2,19,6,0,0,392.0
2,20,1,0,0,416.0
2,20,2,0,0,387.0
2,20,3,0,0,415.0
2,20,4,0,0,400.0
2,20,5,0,0,398.0
2,20,6,0,0,408.0
2,21,1,0,0,393.0
2,21,2,1,0,401.0
2,21,3,0,0,406.0
2,21,4,0,0,392.0
2,21,5,0,0,394.0
2,21,6,0,0,389.0
2,22,1,0,0,404.0
2,22,2,0,0,391.0
2,22,3,0,0,396.0
2,22,4,0,0,391.0
2,22,5,0,0,399.0
2,22,6,0,0,390.0
2,23,1,0,0,410.0
2,23,2,0,0,401.0
2,23,3,0,0,402.0
2,23,4,0,0,416.0
2,23,5,0,0,409.0
2,23,6,0,0,403.0
3,0,1,0,0,401.0
3,0,2,0,0,398.0
3,0,3,0,0,386.0
3,0,4,0,0,388.0
3,0,5,1,0,399.0
3,0,6,0,0,390.0
3,1,1,0,0,403.0
3,1,2,0,0,413.0
3,1,3,0,0,393.0
3,1,4,0,0,389.0
3,1,5,0,0,418.0
3,1,6,0,0,388.0
3,2,1,0,0,399.0
3,2,2,0,0,390.0
3,2,3,0,0,394.0
3,2,4,0,0,382.0
3,2,5,0,0,410.0
3,2,6,0,0,398.0
3,3,1,0,0,397.0
3,3,2,0,0,406.0
3,3,3,0,0,403.0
3,3,4,0,0,396.0
3,3,5,0,0,413.0
3,3,6,0,0,403.0
3,4,1,0,0,397.0
3,4,2,1,0,408.0
3,4,3,0,0,400.0
3,4,4,0,0,387.0
3,4,5,1,0,426.0
3,4,6,0,0,387.0
3,5,1,0,0,406.0
3,5,2,0,0,413.0
3,5,3,0,0,404.0
3,5,4,0,0,403.0
3,5,5,0,0,400.0
3,5,6,0,0,406.0
3,6,1,0,0,398.0
3,6,2,0,0,403.0
3,6,3,0,0,390.0
3,6,4,0,0,392.0
3,6,5,0,0,395.0
3,6,6,0,0,377.0
3,7,1,0,0,392.0
3,7,2,0,0,407.0
3,7,3,0,0,391.0
3,7,4,0,0,396.0
3,7,5,0,0,410.0
3,7,6,0,0,413.0
3,8,1,1,4,638.0
3,8,2,1,3,584.0
3,8,3,1,7,810.0
3,8,4,1,4,633.0
3,8,5,0,0,402.0
3,8,6,1,3,584.0
3,9,1,1,7,824.0
3,9,2,1,7,817.0
3,9,3,1,9,933.0
3,9,4,0,0,396.0
3,9,5,1,4,635.0
3,9,6,1,2,521.0
3,10,1,1,3,577.0
3,10,2,1,2,525.0
3,10,3,1,4,623.0
3,10,4,1,1,443.0
3,10,5,1,5,686.0
3,10,6,1,6,766.0
3,11,1,0,0,400.0
3,11,2,1,5,700.0
3,11,3,1,8,865.0
3,11,4,1,7,818.0
3,11,5,1,3,575.0
3,11,6,1,4,656.0
3,12,1,1,3,590.0
3,12,2,1,4,652.0
3,12,3,1,2,509.0
3,12,4,0,0,397.0
3,12,5,1,6,758.0
3,12,6,1,4,647.0
3,13,1,1,6,757.0
3,13,2,1,1,454.0
3,13,3,1,6,754.0
3,13,4,0,0,401.0
3,13,5,1,4,639.0
3,13,6,1,7,812.0
3,14,1,1,3,577.0
3,14,2,1,11,1067.0
3,14,3,0,0,396.0
3,14,4,1,5,704.0
3,14,5,1,5,720.0
3,14,6,1,4,637.0
3,15,1,1,4,656.0
3,15,2,1,3,570.0
3,15,3,1,4,632.0
3,15,4,1,2,510.0
3,15,5,1,5,705.0
3,15,6,1,6,758.0
3,16,1,0,0,415.0
3,16,2,0,0,408.0
3,16,3,1,0,393.0
3,16,4,1,6,758.0
3,16,5,1,4,644.0
3,16,6,0,0,399.0
3,17,1,1,5,680.0
3,17,2,1,6,755.0
3,17,3,1,7,812.0
3,17,4,1,7,810.0
3,17,5,0,0,416.0
3,17,6,1,3,569.0
3,18,1,1,2,531.0
3,18,2,1,5,700.0
3,18,3,1,6,762.0
3,18,4,1,3,588.0
3,18,5,1,5,686.0
3,18,6,0,0,382.0
3,19,1,0,0,397.0
3,19,2,0,0,383.0
3,19,3,0,0,412.0
3,19,4,0,0,393.0
3,19,5,0,0,392.0
3,19,6,0,0,412.0
3,20,1,0,0,393.0
3,20,2,0,0,397.0
3,20,3,0,0,399.0
3,20,4,0,0,419.0
3,20,5,0,0,402.0
3,20,6,0,0,407.0
3,21,1,0,0,406.0
3,21,2,0,0,394.0
3,21,3,1,0,402.0
3,21,4,0,0,403.0
3,21,5,0,0,398.0
3,21,6,0,0,390.0
3,22,1,0,0,395.0
3,22,2,0,0,394.0
3,22,3,0,0,412.0
3,22,4,1,0,398.0
3,22,5,0,0,405.0
3,22,6,0,0,401.0
3,23,1,0,0,408.0
3,23,2,0,0,399.0
3,23,3,1,0,373.0
3,23,4,0,0,399.0
3,23,5,0,0,378.0
3,23,6,0,0,413.0
4,0,1,0,0,395.0
4,0,2,0,0,419.0
4,0,3,0,0,383.0
4,0,4,0,0,398.0
4,0,5,0,0,404.0
4,0,6,0,0,403.0
4,1,1,0,0,388.0
4,1,2,1,0,420.0
4,1,3,0,0,403.0
4,1,4,0,0,413.0
4,1,5,0,0,397.0
4,1,6,0,0,406.0
4,2,1,1,0,393.0
4,2,2,0,0,395.0
4,2,3,1,0,408.0
4,2,4,0,0,421.0
4,2,5,0,0,398.0
4,2,6,0,0,398.0
4,3,1,0,0,397.0
4,3,2,0,0,399.0
4,3,3,0,0,390.0
4,3,4,0,0,418.0
4,3,5,0,0,395.0
4,3,6,0,0,387.0
4,4,1,0,0,403.0
4,4,2,0,0,398.0
4,4,3,0,0,387.0
4,4,4,0,0,392.0
4,4,5,0,0,415.0
4,4,6,0,0,400.0
4,5,1,0,0,404.0
4,5,2,0,0,405.0
4,5,3,1,0,386.0
4,5,4,0,0,398.0
4,5,5,0,0,394.0
4,5,6,0,0,384.0
4,6,1,0,0,397.0
4,6,2,0,0,394.0
4,6,3,0,0,415.0
4,6,4,0,0,400.0
4,6,5,0,0,384.0
4,6,6,0,0,407.0
4,7,1,0,0,407.0
4,7,2,0,0,395.0
4,7,3,0,0,401.0
4,7,4,0,0,403.0
4,7,5,1,0,411.0
4,7,6,0,0,415.0
4,8,1,1,3,564.0
4,8,2,1,8,884.0
4,8,3,0,0,391.0
4,8,4,1,6,777.0
4,8,5,1,5,704.0
4,8,6,1,4,646.0
4,9,1,1,7,817.0
4,9,2,1,7,816.0
4,9,3,0,0,396.0
4,9,4,1,5,695.0
4,9,5,1,10,997.0
4,9,6,1,6,778.0
4,10,1,1,5,698.0
4,10,2,0,0,402.0
4,10,3,1,4,640.0
4,10,4,1,7,842.0
4,10,5,1,6,749.0
4,10,6,1,3,591.0
4,11,1,1,8,889.0
4,11,2,0,0,411.0
4,11,3,1,8,870.0
4,11,4,1,4,639.0
4,11,5,1,5,685.0
4,11,6,0,0,413.0
4,12,1,1,9,938.0
4,12,2,1,3,586.0
4,12,3,0,0,407.0
4,12,4,1,4,648.0
4,12,5,1,5,687.0
4,12,6,0,0,398.0
4,13,1,1,7,826.0
4,13,2,0,0,396.0
4,13,3,0,0,413.0
4,13,4,0,0,391.0
4,13,5,1,5,701.0
4,13,6,1,4,636.0
4,14,1,0,0,406.0
4,14,2,1,2,521.0
4,14,3,1,7,814.0
4,14,4,0,0,408.0
4,14,5,1,8,893.0
4,14,6,1,3,582.0
4,15,1,0,0,416.0
4,15,2,0,0,401.0
4,15,3,1,1,458.0
4,15,4,1,6,768.0
4,15,5,1,8,876.0
4,15,6,1,6,766.0
4,16,1,1,9,931.0
4,16,2,1,4,633.0
4,16,3,1,9,934.0
4,16,4,1,4,630.0
4,16,5,1,9,938.0
4,16,6,1,8,887.0
4,17,1,0,0,406.0
4,17,2,0,0,412.0
4,17,3,0,0,399.0
4,17,4,1,5,706.0
4,17,5,1,6,773.0
4,17,6,1,3,584.0
4,18,1,0,0,384.0
4,18,2,1,3,576.0
4,18,3,1,5,717.0
4,18,4,1,4,644.0
4,18,5,1,7,821.0
4,18,6,1,2,527.0
4,19,1,0,0,407.0
4,19,2,0,0,376.0
4,19,3,0,0,397.0
4,19,4,1,0,411.0
4,19,5,0,0,397.0
4,19,6,0,0,430.0
4,20,1,0,0,415.0
4,20,2,0,0,399.0
4,20,3,0,0,373.0
4,20,4,0,0,404.0
4,20,5,0,0,415.0
4,20,6,0,0,405.0
4,21,1,0,0,404.0
4,21,2,0,0,408.0
4,21,3,0,0,415.0
4,21,4,0,0,397.0
4,21,5,0,0,384.0
4,21,6,0,0,414.0
4,22,1,0,0,393.0
4,22,2,0,0,406.0
4,22,3,0,0,398.0
4,22,4,0,0,415.0
4,22,5,0,0,379.0
4,22,6,0,0,398.0
4,23,1,0,0,406.0
4,23,2,0,0,395.0
4,23,3,0,0,402.0
4,23,4,0,0,372.0
4,23,5,0,0,399.0
4,23,6,0,0,385.0
5,0,1,0,0,392.0
5,0,2,0,0,414.0
5,0,3,0,0,409.0
5,0,4,0,0,406.0
5,0,5,0,0,406.0
5,0,6,0,0,395.0
5,1,1,0,0,390.0
5,1,2,0,0,399.0
5,1,3,0,0,392.0
5,1,4,0,0,394.0
5,1,5,0,0,389.0
5,1,6,0,0,404.0
5,2,1,0,0,409.0
5,2,2,0,0,395.0
5,2,3,0,0,400.0
5,2,4,0,0,401.0
5,2,5,0,0,388.0
5,2,6,0,0,413.0
5,3,1,0,0,389.0
5,3,2,0,0,386.0
5,3,3,0,0,409.0
5,3,4,0,0,386.0
5,3,5,0,0,390.0
5,3,6,0,0,402.0
5,4,1,0,0,392.0
5,4,2,0,0,399.0
5,4,3,0,0,391.0
5,4,4,0,0,413.0
5,4,5,0,0,403.0
5,4,6,0,0,381.0
5,5,1,0,0,397.0
5,5,2,0,0,391.0
5,5,3,1,0,379.0
5,5,4,0,0,407.0
5,5,5,0,0,402.0
5,5,6,0,0,397.0
5,6,1,0,0,399.0
5,6,2,0,0,391.0
5,6,3,0,0,400.0
5,6,4,0,0,393.0
5,6,5,0,0,412.0
5,6,6,0,0,385.0
5,7,1,0,0,409.0
5,7,2,0,0,395.0
5,7,3,0,0,411.0
5,7,4,0,0,399.0
5,7,5,0,0,401.0
5,7,6,0,0,397.0
5,8,1,0,0,399.0
5,8,2,0,0,399.0
5,8,3,0,0,390.0
5,8,4,0,0,393.0
5,8,5,0,0,392.0
5,8,6,0,0,388.0
5,9,1,0,0,414.0
5,9,2,0,0,376.0
5,9,3,0,0,401.0
5,9,4,0,0,384.0
5,9,5,0,0,405.0
5,9,6,0,0,408.0
5,10,1,0,0,405.0
5,10,2,0,0,389.0
5,10,3,0,0,390.0
5,10,4,0,0,389.0
5,10,5,0,0,408.0
5,10,6,0,0,404.0
5,11,1,0,0,396.0
5,11,2,0,0,409.0
5,11,3,0,0,389.0
5,11,4,0,0,397.0
5,11,5,0,0,399.0
5,11,6,0,0,391.0
5,12,1,0,0,403.0
5,12,2,0,0,400.0
5,12,3,0,0,393.0
5,12,4,0,0,387.0
5,12,5,0,0,395.0
5,12,6,0,0,393.0
5,13,1,0,0,401.0
5,13,2,0,0,392.0
5,13,3,0,0,388.0
5,13,4,0,0,393.0
5,13,5,0,0,399.0
5,13,6,1,0,410.0
5,14,1,0,0,415.0
5,14,2,0,0,386.0
5,14,3,0,0,400.0
5,14,4,0,0,389.0
5,14,5,0,0,398.0
5,14,6,0,0,417.0
5,15,1,0,0,405.0
5,15,2,1,0,401.0
5,15,3,0,0,392.0
5,15,4,0,0,395.0
5,15,5,0,0,397.0
5,15,6,0,0,407.0
5,16,1,0,0,412.0
5,16,2,0,0,386.0
5,16,3,1,0,391.0
5,16,4,0,0,392.0
5,16,5,0,0,407.0
5,16,6,0,0,380.0
5,17,1,0,0,408.0
5,17,2,0,0,406.0
5,17,3,0,0,407.0
5,17,4,0,0,387.0
5,17,5,0,0,406.0
5,17,6,0,0,374.0
5,18,1,0,0,395.0
5,18,2,0,0,384.0
5,18,3,0,0,387.0
5,18,4,0,0,393.0
5,18,5,0,0,401.0
5,18,6,0,0,394.0
5,19,1,0,0,390.0
5,19,2,0,0,405.0
5,19,3,0,0,398.0
5,19,4,0,0,413.0
5,19,5,0,0,402.0
5,19,6,0,0,413.0
5,20,1,1,0,398.0
5,20,2,0,0,402.0
5,20,3,0,0,391.0
5,20,4,0,0,416.0
5,20,5,0,0,413.0
5,20,6,1,0,393.0
5,21,1,0,0,402.0
5,21,2,0,0,390.0
5,21,3,0,0,405.0
5,21,4,0,0,394.0
5,21,5,0,0,411.0
5,21,6,0,0,408.0
5,22,1,0,0,400.0
5,22,2,0,0,401.0
5,22,3,0,0,386.0
5,22,4,0,0,398.0
5,22,5,1,0,411.0
5,22,6,0,0,384.0
5,23,1,1,0,403.0
5,23,2,0,0,396.0
5,23,3,0,0,410.0
5,23,4,0,0,414.0
5,23,5,0,0,398.0
5,23,6,0,0,404.0
6,0,1,0,0,395.0
6,0,2,0,0,422.0
6,0,3,0,0,401.0
6,0,4,0,0,399.0
6,0,5,0,0,397.0
6,0,6,0,0,385.0
6,1,1,0,0,384.0
6,1,2,0,0,404.0
6,1,3,0,0,411.0
6,1,4,0,0,397.0
6,1,5,0,0,396.0
6,1,6,0,0,391.0
6,2,1,0,0,388.0
6,2,2,0,0,404.0
6,2,3,0,0,381.0
6,2,4,0,0,386.0
6,2,5,0,0,389.0
6,2,6,0,0,393.0
6,3,1,0,0,386.0
6,3,2,0,0,400.0
6,3,3,0,0,392.0
6,3,4,0,0,413.0
6,3,5,0,0,394.0
6,3,6,0,0,409.0
6,4,1,0,0,412.0
6,4,2,0,0,395.0
6,4,3,0,0,398.0
6,4,4,0,0,396.0
6,4,5,0,0,393.0
6,4,6,0,0,392.0
6,5,1,0,0,394.0
6,5,2,0,0,403.0
6,5,3,0,0,390.0
6,5,4,0,0,412.0
6,5,5,0,0,392.0
6,5,6,0,0,401.0
6,6,1,0,0,400.0
6,6,2,0,0,406.0
6,6,3,0,0,385.0
6,6,4,0,0,411.0
6,6,5,0,0,393.0
6,6,6,0,0,397.0
6,7,1,0,0,412.0
6,7,2,0,0,410.0
6,7,3,0,0,410.0
6,7,4,0,0,377.0
6,7,5,0,0,402.0
6,7,6,0,0,413.0
6,8,1,1,0,418.0
6,8,2,0,0,412.0
6,8,3,0,0,393.0
6,8,4,0,0,398.0
6,8,5,0,0,414.0
6,8,6,0,0,401.0
6,9,1,0,0,410.0
6,9,2,0,0,404.0
6,9,3,0,0,395.0
6,9,4,0,0,400.0
6,9,5,0,0,396.0
6,9,6,0,0,399.0
6,10,1,0,0,403.0
6,10,2,0,0,393.0
6,10,3,0,0,377.0
6,10,4,0,0,392.0
6,10,5,0,0,406.0
6,10,6,0,0,416.0
6,11,1,0,0,378.0
6,11,2,0,0,401.0
6,11,3,0,0,404.0
6,11,4,0,0,391.0
6,11,5,0,0,413.0
6,11,6,0,0,392.0
6,12,1,0,0,403.0
6,12,2,0,0,402.0
6,12,3,0,0,421.0
6,12,4,0,0,415.0
6,12,5,0,0,379.0
6,12,6,0,0,388.0
6,13,1,0,0,392.0
6,13,2,0,0,420.0
6,13,3,0,0,384.0
6,13,4,0,0,402.0
6,13,5,0,0,393.0
6,13,6,0,0,392.0
6,14,1,0,0,390.0
6,14,2,0,0,384.0
6,14,3,1,0,393.0
6,14,4,0,0,407.0
6,14,5,0,0,413.0
6,14,6,0,0,391.0
6,15,1,0,0,404.0
6,15,2,0,0,396.0
6,15,3,0,0,386.0
6,15,4,1,0,386.0
6,15,5,0,0,389.0
6,15,6,0,0,397.0
6,16,1,0,0,399.0
6,16,2,0,0,391.0
6,16,3,0,0,376.0
6,16,4,0,0,403.0
6,16,5,0,0,404.0
6,16,6,0,0,415.0
6,17,1,0,0,400.0
6,17,2,0,0,387.0
6,17,3,0,0,386.0
6,17,4,0,0,412.0
6,17,5,0,0,390.0
6,17,6,0,0,400.0
6,18,1,0,0,387.0
6,18,2,0,0,386.0
6,18,3,0,0,400.0
6,18,4,0,0,401.0
6,18,5,0,0,428.0
6,18,6,0,0,408.0
6,19,1,0,0,397.0
6,19,2,0,0,403.0
6,19,3,0,0,381.0
6,19,4,0,0,398.0
6,19,5,0,0,395.0
6,19,6,0,0,407.0
6,20,1,0,0,407.0
6,20,2,0,0,416.0
6,20,3,0,0,396.0
6,20,4,0,0,417.0
6,20,5,0,0,418.0
6,20,6,0,0,395.0
6,21,1,0,0,398.0
6,21,2,0,0,406.0
6,21,3,0,0,397.0
6,21,4,0,0,392.0
6,21,5,0,0,394.0
6,21,6,0,0,413.0
6,22,1,0,0,407.0
6,22,2,0,0,407.0
6,22,3,0,0,401.0
6,22,4,0,0,424.0
6,22,5,0,0,396.0
6,22,6,0,0,389.0
6,23,1,0,0,405.0
6,23,2,0,0,409.0
6,23,3,0,0,392.0
6,23,4,0,0,408.0
6,23,5,0,0,407.0
6,23,6,0,0,382.0
